{
  "params": {
    "dnn__module__hidden": [
      3
    ],
    "dnn__module__dropout": 0.0,
    "dnn__optimizer__lr": 0.0005
  },
  "seeds": [
    0,
    1
  ],
  "R2OOS": [
    -0.21554916927657053,
    -0.1348376101654878
  ],
  "R2_mean": -0.17519338972102916,
  "R2_std": 0.04035577955554137
}